{"cameraMode":{"drawMode":0,"name":"Shaded","section":"Shading Mode"},"sceneLighting":true,"audioPlay":false,"sceneViewState":{"showFog":true,"showMaterialUpdate":true,"showSkybox":true,"showFlares":true,"showImageEffects":true,"showParticleSystems":true},"in2DMode":false,"pivot":{"x":-1.4275126457214356,"y":4.033625602722168,"z":-1.9301400184631348},"rotation":{"x":-0.396830290555954,"y":-0.1538788378238678,"z":0.0676712691783905,"w":-0.9023703336715698},"size":1.3327438831329346,"orthographic":false}